"Metric","BEFORE","shift","ridge","combat","combatseq"
"rmse_replicates",0.593854850742946,0.288965213162924,0.304678693491471,0.297527951167332,0.284969493998334
"pvca_batch_variance",0.704652530578189,0.700028021521928,0.701126017234551,0.694431742531494,0.69580254076053
"pvca_batch_variance_delta",NA,-0.00462450905626133,-0.00352651334363741,-0.0102207880466948,-0.00884998981765872
"pvca_biology_variance",0.704652530578189,0.700028021521928,0.701126017234551,0.694431742531494,0.69580254076053
"pvca_biology_variance_delta",NA,-0.00462450905626133,-0.00352651334363741,-0.0102207880466948,-0.00884998981765872
"knn_jaccard",NA,0.808601543384152,0.853704749356923,0.862651358303532,0.837003576134011
"hvg_overlap",NA,0.75054704595186,0.812415043044857,0.788908765652952,0.763668430335097
"adjusted_rand_index",NA,1,1,1,1
"cluster_compactness",0.374090543516127,0.377868138418582,0.376902518778245,0.381171177747588,0.402640167544577
"cluster_compactness_delta",NA,0.00377759490245511,0.00281197526211757,0.00708063423146038,0.02854962402845
"cluster_separation",2.67314963538203,2.64642582511747,2.65320593569278,2.62349321874017,2.48360715250618
"cluster_separation_delta",NA,-0.0267238102645555,-0.0199436996892435,-0.049656416641858,-0.189542482875844
"biology_f_stat_correlation",NA,0.735773499757438,0.797594059609981,0.793808278497763,0.732536505269475
"biology_eta_squared_correlation",NA,0.735773499757438,0.797594059609981,0.793808278497763,0.732536505269475
